text,n,hateful_or_not
RT @kylam_official: Chinese virus?????? How many times is this racist dipshit going to refer to COVID-19 as the fucking Chinese virus.,2170,
"‚ö†Ô∏è DISTURBING ‚ö†Ô∏è 

#Italy must hold Xi Jinping responsible for the murder of each and every Italian.

#COVID„Éº19 #CCPVirus #ChineseVirus https://t.co/pnHnTPGoLS",450,
"#AlibabaGroup banning the export of all epidemic control related products including masks, PPEs, gloves, alcohol, thermometer, testing equipment, &amp; disinfection products, to #Canada. Sales of all #COVID„Éº19 testing kits are banned and must be taken down. 
#CCPVirus #COVID2019 https://t.co/LwD2T9uIJv",242,
"Today I argue that China‚Äôs crude and unsophisticated #COVID2019 PR campaign has backfired. What it has gained through bribing NYT &amp; WaPo it has lost due its boys, ham-handed muzzling &amp; misinformation
#ChinaVirus #CCPVirus #ChinaLiedPeopleDied

https://t.co/PBSBP1dvUC",201,
"Does anyone else find it interesting that confirmed cases of #COVID19 appear to be dominant in #DemocRAT controlled regions of the U.S.? 

MAP compares confirmed cases of COVID-19 &amp; the #2016Election Results.

#ChinaFlu 
#ChineseVirus 
#KungFluFighting https://t.co/N5LJMwCx4E",189,
RT @DilleyShow: I think I figured out why the media is absolutely panicking over Covid-19 aka The Kung Flu... https://t.co/RWxWF9EUWl,184,
"Don't be surprised by the latest twist of this #CCPVirus affair. A lawyer in #Wuhan is suing US government represented by @realDonaldTrump, @CDCgov, @DeptofDefense, US Military Sports Commission for bringing #COVID„Éº19 to #Wuhan, demanding compensation and apology. #Coronavirus https://t.co/ob9B0U1tNB",165,
"You thought Indians were being stupid about Corona?

The Italians launched a ""Hug a Chinese"" campaign to fight ""muh racism."" Today they have the highest number of Corona deaths in the world. Well done, idiots!

#StayHomeStaySafe #COVID19outbreak #ChineseVirus #KungFlu",147,
The lack of evidence on the origin of the #CCPvirus is especially troubling. Virologists seem to agree that there‚Äôs still a missing link‚Äîthe original source of the #virus that may still be out and about. https://t.co/fc8QLAYrBm #coronavirus #COVID„Éº19,143,
"Thank God 4 this game charger inüá∫üá∏favor. Emperor Corona has awakened a sleeping giant w/ his coverup/lies which infected 123,271 &amp; killed 2,202üá∫üá∏citizens &amp; ruinedüá∫üá∏economy. America I know will defeat #Wuhan virus/rebuild our economy &amp; stock mkt/eradicate #CCPVirus. God Bless USA!",137,
"#freechina! How long will it take for Chinese people to wake up and fight against the evil #CCPChina regime?
#chinesevirus #Wuhan #coronavirus
#chinazi #COVID„Éº19 #BoycottMulan",133,
"#Hollywood actor Keith Lawrence Middlebrook has been arrested by the @FBI for selling what he claimed to be a cure for the #CCPVirus that he also said he developed, according to a news release issued by the #DOJ.https://t.co/BFKWYvDKYH",131,
RT @kylam_official: Chinese virus?????? How many times is this racist dipshit going to refer to COVID-19 as the fucking Chinese virus. http‚Ä¶,125,
"I think the #CCP has been doing this all over the world, not only in Australia. 
China-Backed Firm Shipped Out Australia‚Äôs Medical Supplies in Bulk Amid #CCPVirus Outbreak: Report https://t.co/Zo6Uuz7yiQ via @epochtimes",104,
"Imagine knowing how to isolate a virus. I can‚Äôt even flip a fuckin pancake. One side will be fine, everythings good. But then I flip it and it cooks too fast so the batter on the inside isn‚Äôt cooked but the outside is already burning. It‚Äôs all fucked up",99,
"Rep. Matt Gaetz Introduces ‚ÄúNO CHINA ACT‚Äù to Prevent Funneling Of Wuhan Virus Relief Funds To Business Owned By Chinazi Government -

üëèüèªüëèüèªüëèüèª
This bill should be extended all firms owned by Chinese nationals.

https://t.co/JeaQYuVK2n",96,
"To the US President who doesn't believe him calling COVID-19 the ""Chinese virus"" and his White House calling it ""Kung Flu"" is creating a dangerous environment for Asians.

I present a message from the South Korean foreign minister.
https://t.co/DYos3fXyX9",83,
"I‚Äôm used to calling Coronavirus...Corona 

BUT since MSM is set on complaining about folks calling it

Wuhan Virus
Kung Flu
Chinese Virus 

I‚Äôll NOW purposely call it all of the above &amp; throw in a few more

Szechuan Sickness 
Panda Pandemic 
Asian Assassinator 

Eat itüñïüèºFake News",82,
"Taiwan is an independent nation.
Tibet is a nation under Chinese occupation.
Hong Kong deserves autonomy.
China is responsible for the worldwide spread of COVID-19 via coverups and propaganda.
Fuck the Chinese Communist Party.",80,
"WHO be like: hey we‚Äôre calling it COVID-19 to avoid stigmatizing any specific ethnicity or origin

tr*mp: oh the ching chong lil ol china-men virus???? dinga dinga ding ding dING Ding DING",79,
"It is the #CCPVirus !

The Chinese Communist Party (#CCP) unleashed the #CCPVirus on the world!

#SteveBannon 
@MariaBartiromo @FoxNews 
#CoronavirusNewYork #coronavirus #COVID„Éº19 #COVID19 https://t.co/olVhyu5tft",74,
"Chinese Virus, Chinki Virus, Commie Virus &amp; now Corona Jihad proves how low the minions of right wing establishments can stoop, whether in India or America, to avoid accountability over a global pandemic.",72,
"Pennsylvania Rep. Mike Kelly announced on Friday that he has tested positive for the coronavirus. 

Kelly is now the fifth member of congress to contract the virus.

 https://t.co/p6qhQlLimO #ChinaVirus #CCPVirus #coronavirus #COVID19",72,
"üá®üá≥üò† THE REAL ENEMY üò†üá®üá≥

""...we have a common enemy and the common enemy isn‚Äôt the President of the United States, the common enemy is Xi Jinping...""

~ Gordon Chang

Chang is 100% correct. While Democrats spent YEARS screaming ""Russia!"", Xi's been busy. https://t.co/nnNZpkmCBv",71,
"Sen. @MarcoRubio criticized US media for reporting the #CCP official #CCPVirus data as fact, calling it ‚Äúgrotesque‚Äù and ‚Äúbad journalism.‚Äù https://t.co/DG8TFsF6hC",70,
"While the works deals with #CCPVirus #ChinaVirus, China is making its move in the South China Sea. There is literally nothing this bile-bomb,  masquerading as a country wont do
https://t.co/b8Ub6v1gnA",68,
"‚ÄúThreats or attempts to use COVID-19 as a weapon against Americans will not be tolerated.‚Äù

Individuals who deliberately spread the #CCPVirus could be faced with criminal charges under federal #Terrorism-related laws, according to the #DOJ. https://t.co/9CVmOermeo",66,
"@TheRISEofROD Dems been exaggerating their made up numbers simply to kill the economy before the election. Turns out, everyone's primary ""source"" for predictions of the Kung Flu was created &amp; run by a former Democrat &amp; silicon valley scumbags that hate Trump.
Shocked üòí
https://t.co/gvywhZMHhi",64,
"An excellent chronology of the early, decisive actions @POTUS took to combat COVID-19 -- completely obliterating the #MSM's false narrative of the administration's late, inadequate response.
#CCPVirus
#CCPLiedPeopleDied",62,
RT @RedPillMaC: DEMs + Chinese Chunks = Corona,61,
"#Chinese #coronavirus propaganda now targets #Italy

After blaming #USArmy for bringing the corona #CCPVirus to #Wuhan, #CCP shifts responsibility to Italy, saying that Italian top expert Giuseppe Remuzzi stated that #coronavirus symptoms appeared in Italy earlier than in #China",58,
"#Indian lawyers ask the International Court of Justice to prosecute #China's  #XiJinping for deadly #coronavirus cover upüëçüëçüëç 

#CCPVirus",57,
"‚ÄúThey are doing herculean work in our stores serving our customers in frankly a tense environment.‚Äù

@Walmart plans to hire over 150,000 temporary staffers and will pay a special bonus totaling $550 million to its hourly workers due to the #CCPVirus. https://t.co/c6FXqUXeSX",55,
"#Hollywood actor Keith Lawrence Middlebrook has been arrested by the @FBI for selling what he claimed to be a cure for the #CCPVirus that he also said he developed, according to a news release issued by the #DOJ. https://t.co/BFKWYvDKYH",54,
"President Trump earns praise from critics amid #CCPVirus crisis:
‚Äî @NYGovCuomo: ‚ÄúHe‚Äôs being very creative and very energetic, and I thank him for his partnership.‚Äù
‚Äî @GavinNewsom: ‚ÄúEvery single thing he said, they followed through on.‚Äù
https://t.co/SRDiwGeYzW ‚Ä¶",54,
"President Trump has earned praise from critics amid the #CCPVirus crisis:
‚Äî @GavinNewsom: ‚ÄúEvery single thing he said, they followed through on.‚Äù
‚Äî @NYGovCuomo: ‚ÄúHe‚Äôs being very creative and very energetic, and I thank him for his partnership.‚Äù https://t.co/SRDiwGeYzW",54,
"‚ÄúThreats or attempts to use COVID-19 as a weapon against Americans will not be tolerated.‚Äù

Individuals who deliberately spread the #CCPVirus may face criminal charges under federal #Terrorism-related laws, according to the #DOJ. https://t.co/9CVmOermeo",53,
"‚ÄúHe‚Äôs being very creative and very energetic, and I thank him for his partnership,‚Äù @NYGovCuomo said.

‚ÄúEvery single thing he said, they followed through on,‚Äù said Gov @GavinNewsom.

President Trump has earned praise from critics amid the #CCPVirus crisis. https://t.co/SRDiwGeYzW",50,
"‚ÄúThey are doing herculean work in our stores serving our customers in frankly a tense environment.‚Äù

#Walmart plans to hire over 150,000 temporary staffers and will pay a special cash bonus totaling $550 million to its hourly workers due to the #CCPVirus. https://t.co/c6FXqUXeSX",50,
"#Toyota is marshaling idled US factories to make protective gear amid #CCPVirus outbreak-related shortages, and is finalizing deals with #MedicalSupplies makers to boost production of #Respirators and #Ventilators. https://t.co/PzQaiAjaHE",50,
"Blah blah. The #Coronavirus is the #Wuhanvirus, a gift to the world from the Chinese Communist Party who covered it up until it was too late to contain it because saving face is more important than saving lives. #Chinavirus #Chinesevirus #CCPvirus #XiJinpingvirus",50,
"Video of a hospital in Spain. Watch it. Watch it again with the volume up. 
Now cancel that brunch. 
Postpone that coffee meet-up. 
Rain check that dinner with friends. 
Sucks doesn‚Äôt it? But not as hard as this üëá
#COVID„Éº19 #coronavirus #StayAtHomeSaveLives #CCPVirus https://t.co/6vYOdAXZlZ",49,
"‚ÄúThe FDA has not authorized any test that is available to purchase for testing yourself at home for COVID-19.‚Äù

@US_FDA issued a warning about unauthorized fraudulent #TestKits intended for home use for the #COVID„Éº19, the disease caused by the #CCPVirus. https://t.co/yFCvqtsbtj",47,
"#CCPVirus models that have predicted the death of millions due to the #Pandemic ‚Äúdon‚Äôt match the reality on the ground‚Äù in the US, the @WhiteHouse #Coronavirus response director said. https://t.co/LLhHcJEXQF",47,
"Meanwhile somewhere in China they‚Äôre celebrating USA reporting 100k+ cases of #Corona #COVID2019. You have to wonder what produces such collective evil in this country. #ChinaVirus #CCPVirus 
https://t.co/F5UmBymWPs",46,
Assalamuaalaikum hi! Sorry ambik kesempatan jap. Once after the corona virus dah okay and the earth heal back mcm biasa. Jangan cakap aku ni promote suruh gi time covid okayüôÑ. I would like to promote my dad‚Äôs business which is Private cruise in Langkawi. Anything dm me! https://t.co/FuXSCg3Oz5,44,
"President Trump has earned praise from critics amid the #CCPVirus crisis:
‚Äî Gov. @GavinNewsom: ‚ÄúEvery single thing he said, they followed through on.‚Äù
‚Äî¬†@NYGovCuomo: ‚ÄúHe‚Äôs being very creative and very energetic, and I thank him for his partnership.‚Äù https://t.co/SRDiwGeYzW",44,
"ICYMI: ‚ÄúDoctors can prescribe [#chloroquine], which as you know is a perfectly legal‚Ä¶ malaria medication, but doctors can now prescribe chloroquine for that off-label purpose of dealing with the symptoms of #coronavirus.‚Äù -@VP. Not all agree. #CCPVirus
https://t.co/KIfulCPyUz",42,
"#FirstLady @MelaniaTrump tested negative for the #CCPVirus, which originated in #China last year.

Trump‚Äôs daughter @IvankaTrump, as well as VP @Mike_Pence and his wife @SecondLady Karen Pence, all tested negative. https://t.co/G33fnB55Aw",41,
"@_ReaalAmerican_ @jabinbotsford @realDonaldTrump It is the CHINESE virus. It originated there. If people have become so PC that they cannot accept the truth, that‚Äôs on them. Call it what you want, Kung flu, corona, whatever floats your boat....but it will forever be known as the Chinese virus that infected the world.",40,
"President Obama
H1N1 Virus
US Cases: 60.8 MILLION
US Deaths: 12,469
Panic Level: Totally chill

President Trump
Corona Virus
US cases: 938
US deaths: 29
Panic Level: Mass hysteria

#CoronaHoax
#FactsNotFear
#CoronaVirusUpdate
#coronavirus
#CoronavirusPandemic
#COVID19
#KungFlu",40,
"Researchers have identified dozens of drugs and compounds, some experimental and others already approved by #Health authorities, that may be effective in combating the #CCPVirus.

The list includes #Chloroquine, which kills a parasite that causes #Malaria. https://t.co/TaamoTr00Y",40,
"just because she don‚Äôt have that aryan face, she always witness extreme racial slurs and abuses, ‚Äúmomos, corona, chawmin, chinki,‚Äù BUT SHE WILL NEVER GOING TO THINK TWICE TO SAVE YOUR LIFE WHEN THERE IS NECESSITY.

Yes she is my girl and I‚Äôm proud of her.‚ù§Ô∏è https://t.co/kY1IDdlli5",39,
"Blah blah. The #Coronavirus is the #Wuhanvirus, a gift to the world from the Chinese Communist Party who covered it up until it was too late to contain it because saving face is more important than saving lives. #Chinavirus #Chinesevirus #CCPvirus #XiJinpingvirus https://t.co/TPaxPvUdil",38,
"Watch @Hublife's broadcast: ""Kung Flu Goes Mainstream, Potential Corona Cure, V Recovery incoming, Promises Made, Promises Kept!"" W/ Author Brenden Dilley #TheDilleyShow https://t.co/Kww2mCVJHr",38,
"A #Mexican national being detained by @ICEgov has tested positive for the #CCPVirus, authorities said.

Officials said that people who came into contact with the detainee have been identified and are being monitored. https://t.co/oEhwBxa5au",37,
RT @Iyervval: @UnSubtleDesi Why do you keep calling it Corona??? Call it what it is #CCPVirus #WHOvirus #ChinaLiedPeopleDied,37,
"President Donald Trump earns praise from critics amid #CCPVirus crisis:
‚Äî @NYGovCuomo: ‚ÄúHe‚Äôs being very creative and very energetic, and I thank him for his partnership.‚Äù
‚Äî @GavinNewsom: ‚ÄúEvery single thing he said, they followed through on.‚Äù https://t.co/SRDiwGeYzW",34,
RT @DailyCaller: Gordon Chang: ‚ÄòWe Are The Object Of A Hate Campaign By Beijing‚Äô https://t.co/FYuQeh6Q7x,34,
"@PasReport @GordonGChang Watch Nicholas Giordano of @PasReport interview Gordon Chang, the foremost knowledgeable expert on China, discuss how America can have a winning strategy against China, from intellectual property theft, securing Americans from being hacked &amp; Covid-19. ‚¨áÔ∏è
https://t.co/0CPr0Lypjp https://t.co/veuRN2ov76",33,
"#Hollywood actor Keith Lawrence Middlebrook has been arrested by the @FBI for selling what he claimed to be a cure for the #CCPVirus that he also said he developed, according to a news release issued by @TheJusticeDept. https://t.co/BFKWYvDKYH",33,
"Harvey Weinstein in isolation after contracting Kung Flu.

Another ""get-out-of-jail"" card or a visit by friends of Hillary??

What do you think?

https://t.co/a8ISLdUZ89

(I follow back Patriots.) https://t.co/B637YJyG5i",33,
RT @TruthWi60348276: We must hold Chinese Communist Party accountable for the murder of each and every Italian. #CCPVirus #COVID„Éº19 https:/‚Ä¶,33,
"Using the Name ‚ÄòCCP Virus‚Äô Holds ""The Chinese Regime Responsible!"" for Not Telling The World EARLIER about The Global #Coronaviurs Crisis, Expert Says

Report by Cathy He
23 Mar 2020
#CCPVirus #CCPcoronavirus 
#COVID„Éº19 #5G #AI #ViralWeaponary #BioWarfare
https://t.co/3INqdF7UDU",33,
"""CLASSIC"" example of MSM at work.

CBSN Weijia Jiang on twitter accused an unnamed WH off. of calling Wuhan virus the ‚ÄúKung-Flu‚Äù this morning: Many asked her for a name, but got no response.

So just make up something &amp; don't say a name, &amp; voila!!!

https://t.co/GiiglJfz0E",32,
"#Toyota is marshaling idled US factories to make protective gear amid #CCPVirus outbreak-related shortages, and is finalizing deals with #MedicalSupplies makers to boost production of #Respirators &amp; #Ventilators. https://t.co/PzQaiAjaHE",32,
"‚ÄúWe are heartbroken.‚Äù

#LarryRasky, a longtime adviser to @JoeBiden, posthumously tested positive for the #CCPVirus, according to the family of the deceased. https://t.co/c4SkkQ8Dt7",31,
"Last Saturday China reported 4 new cases of #coronavirus in Wuhan, more than 20x less than the actual 91 newly confirmed cases that day.

It should come as no surprise that #ChinaLies.

#COVID19 #COVID„Éº19 #CCPVirus #CoronaVirusUpdate
#CoronaVirusUpdates
https://t.co/LtlzTlg50U",31,
"‚ÄúEvery single thing he said, they followed through on,‚Äù said Gov @GavinNewsom.

‚ÄúHe‚Äôs being very creative and very energetic, and I thank him for his partnership,‚Äù @NYGovCuomo said.

President Trump has earned praise from critics amid the #CCPVirus crisis. https://t.co/SRDiwGeYzW",30,
"‚ÄúWe must mobilize as if it is a time of war when it comes to hospitals, beds, supplies, equipment.‚Äù

President Trump is using the Defense Production Act to fight the #CCPVirus. https://t.co/LdL1VzDu3r",30,
"RT @EpochTimesCan: It's as if a city the size of Ottawa decided not to use any power at all... #CCPVirus 
https://t.co/vffQ2X8ikL",30,
"""As #COVID„Éº19 (#CCPvirus) strips store shelves of toilet rolls, hand sanitizer, and other essentials, people across the United States are also dealing with limited supplies of the staple of the American way of life itself: freedom.""
https://t.co/9Xz7g9EyE8",29,
"On Sunday, the @WhiteHouse extended its guidelines for stopping the spread of the #CCPVirus to April 30.

The president cited a modeling estimate that suggests the peak in the death rate for #COVID„Éº19 will occur in two weeks. https://t.co/zsgqP8k7YK",29,
"‚ÄòI‚Äôm not being hyperbolic in any way: Without government intervention, there will be no service industry whatsoever.‚Äô Marchese on David Chang and whether or not the restaurant industry as we know it will survive COVID-19 https://t.co/kJVftXyVZr",28,
"‚ÄúLadies and gentlemen, we are done. We have a deal.‚Äù

The @WhiteHouse and Congress reached an agreement on a $2 trillion #StimulusPackage amid the #CCPVirus-caused #Pandemic, White House official Eric Ueland said shortly after midnight on Wednesday. https://t.co/o678uXLPZF",28,
"#ChineseVirus19
#CoronaVillains #ChineseVirus #Corona #WuhanHealthOrganization 
This is how the Communist Party of China has devastated the whole world.
#ChinaVirus #CCPVirus #Communism https://t.co/HoxjwPv6PC",28,
"#freechina! How long will it take for Chinese people to wake up and fight against the evil #CCPChina regime?
#chinesevirus #Wuhan #coronavirus
#chinazi #COVID„Éº19 #BoycottMulan https://t.co/PMBcs84nhj",28,
"‚ÄúFor anybody who understands insurance, they don‚Äôt waive co-pays easily, but we‚Äôve asked them to do it, and they‚Äôve done it,‚Äù Trump said.

#Health insurers @Cigna and @Humana are waiving customer cost-sharing and co-payments for #CCPVirus treatments. https://t.co/AnXoWKF77s",27,
"‚ÄúWe have NO IDEA how many cases China really has but without any doubt its significantly more‚Ä¶‚Äù

Sen. @MarcoRubio criticized US media outlets for reporting the #CCP's official data on its #CCPvirus cases as fact, calling it ‚Äúbad journalism.‚Äù https://t.co/g82Al693Ps",27,
"China started the pandemic, now they are Monetizing the victims of CCP Virus, By selling fake medical products! How low a country can be? 

#COVID #ChineseVirus #CCPVirus #HoldChinaAccountable",27,
Rubio Says Media Reports Claiming US Has Most COVID-19 Cases is ‚ÄòBad Journalism‚Äô https://t.co/frxjTtDJbv via @epochtimes #USA #America #China #Wuhan #COVID19 #CoronaVirus #CCPVirus,27,
"The #Pentagon ordered a freeze on overseas troop movements, affecting around 90,000 #Military personnel, to stop the spread of the #CCPVirus.

The 60-day ‚Äústop movement order‚Äù affects both those slated to return home, and those who would have deployed. https://t.co/VbvVcNtlcx",27,
"‚ÄúThe package is coming in at about 10 percent of GDP,‚Äù said @Larry_Kudlow.

The @WhiteHouse #Economic adviser said the size of the #CCPVirus #EconomicRelief package has swelled to around $2 trillion, according to multiple reports. https://t.co/PnO2hFhPaS",26,
@jack how are we supposed to tag reports that fall under new @twitter guidelines? There should be a ‚Äúmisleading medical info‚Äù choice @TwitterSupport. Thanks @McFaul for making me aware of this! #CoronavirusLockdown #COVIDIOT #CCPVirus #COVID2019 #COVID19 https://t.co/tg8ywuoO5X,26,
"Sheepdog's,
COVID-19, 'CO' stands for 'corona,' 'VI' for 'virus,' and 'D' for disease. 
PLZ PRAY FOR ALL REPORTING TO WORK!!
 Formerly, this disease was referred to as ‚Äú2019 novel coronavirus‚Äù or ‚Äú2019-nCoV‚Äù.!
Comments Plz
#WUHONSOUP
#CCPVirus 
#coronavirus 
#209ACEMAGA45 https://t.co/lzs66QjMck",26,
The @USArmy announced 3 of its expeditionary hospital facilities have received deployment orders and will be heading to #NewYork and #Washington state to assist with #CCPVirus response efforts. https://t.co/ncyJIg6STw,26,
"The US conducted more tests for the #CCPVirus in the past 8 days than #SouthKorea carried out in 8 weeks, @WhiteHouse #CoronavirusTaskForce Coordinator Dr. Deborah Birx said.

Officials are still concerned about not having enough test kits. https://t.co/bWNRz2VQ5x",26,
"JUST IN: Four Brooklyn Nets players have tested positive for the Kung Fluü•ã, with one of the four showing symptoms. All four players are isolatedüò∑

#ChineseVirus #ChinaVirus #China #Corona",25,
"RT @MajorTmusic: Corona virus ü¶† turning me to Zub-zero 
Am fighting Kung-flu ‚ÄºÔ∏è https://t.co/OP2H8cz2tZ",25,
"With the #KungFlu virus #FakeNews suddenly has credibility? 

Maybe if you worked for @OANN or @EpochTimes 

#TrumpCongress2020",25,
"@weijia 1.)  This never happened

2.)  Thanks for making it up so I can add ""kung flu"" to the list of creative COVID-19 names.  That's clever, and I like it üòÇ",24,
"RT @EpochTimesCan: #China-backed firm shipped out #Australia‚Äôs medical supplies in bulk amid #COVID19 outbreak: Report #CCPVirus 
https://t‚Ä¶",24,
"RT @Tactical_review: This crazy Kung Flu isn't going to get me, no way.

#CoronavirusPandemic",24,
"Thank God 4 this game charger inüá∫üá∏favor. Emperor Corona has awakened a sleeping giant w/ his coverup/lies which infected 123,271 &amp; killed 2,202üá∫üá∏citizens &amp; ruinedüá∫üá∏economy. America I know will defeat #Wuhan virus/rebuild our economy &amp; stock mkt/eradicate #CCPVirus. God Bless USA! https://t.co/Ps0e4xyDqs",24,
"‚ÄºÔ∏è‚ÄºÔ∏èCalling allüçåüêüfans‚ÄºÔ∏è‚ÄºÔ∏è
The Nom Wah Tea Parlor is the rl model for Chang Dai, the restaurant run by Shorter Wong‚Äôs family. They're facing some rough times due to COVID-19. Please consider supporting them by getting some sweet merch @ their online shop!
https://t.co/JJgx9B9vbB https://t.co/3UhsQbsTRT",23,
"‚ÄúMy team tested some patients who had no symptoms for three weeks, but the virus was found in their blood.‚Äù

As more cases of #Asymptomatic patients carrying the #CCPVirus appear in #China, experts expressed alarm that they could cause another outbreak. https://t.co/S9YH6MtECL",23,
"‚ÄúThey are doing herculean work in our stores serving our customers in frankly a tense environment.‚Äù

@Walmart plans to hire over 150,000 temporary staffers and will pay a special cash bonus totaling $550 million to its hourly workers due to the #CCPVirus. https://t.co/c6FXqUXeSX",23,
"#KungFlu is still the best name. If we're going to die of a pandemic, at least it has a good #. No one wants to be murdered by something unpronounceable.

#ChinaFlu #ChinaVirus #WuhanFlu #Coronavirus #coronavirusaus #COVID„Éº19 #outsiders #skynews #skymidmorning #gallowshumor",23,
"A drug usually used to treat #Malaria showed promise in treating patients with #COVID19, the disease caused by the #CCPVirus.

President Trump inquired about possibly using the drug in the US, a top @WhiteHouse official said. https://t.co/h89o4gvdT7",23,
"Johnson &amp; Johnson has identified a lead candidate for a #CCPVirus #Vaccine and that it could be ready for emergency use in 2021, adding that they are ‚Äúwell-positioned‚Äù to ramp up vaccine development efforts ‚Äúto accelerate the fight against this pandemic.‚Äù https://t.co/OQ7bQ9Pj81",23,
"‚ÄúAround Easter, that‚Äôs going to be the highest point, we think.‚Äù

President Donald Trump said that #CCPVirus cases will likely peak ‚Äúaround Easter‚Äù and defended the @WhiteHouse‚Äôs #SocialDistancing guidelines, saying they would last until the end of April. https://t.co/w0Y1bXFt0X",22,
#California's Governor @GavinNewsom said the number of #CCPVirus hospitalizations in the state had nearly doubled over the past 4 days and the number of #ICU patients tripled during that time. https://t.co/Z9IV5DopDR,22,
"#FirstLady @MelaniaTrump tested negative for the #CCPVirus, which originated in #China last year.

Trump‚Äôs daughter @IvankaTrump, as well as VP @Mike_Pence and his wife the @SecondLady, all tested negative. https://t.co/G33fnB55Aw",22,
"#Indian lawyers ask the International Court of Justice to prosecute #China's  #XiJinping for deadly #coronavirus cover upüëçüëçüëç 

#CCPVirus https://t.co/qiTh9RKoam",22,
"as noted &amp; forecast long ago, #ccpvirus passes through the 'royals' of planet like shit through a goose, transforming humanity over mere months.

#chaga_gangsta 

https://t.co/DuSwDiFp8M",22,
"President Trump earns praise from critics amid #CCPVirus crisis:
‚Äî @GavinNewsom: ‚ÄúEvery single thing he said, they followed through on.‚Äù
‚Äî @NYGovCuomo: ‚ÄúHe‚Äôs being very creative and very energetic, and I thank him for his partnership.‚Äù https://t.co/SRDiwGeYzW",22,
"TREASON

All of these Senators sold stock after a meeting about CV19.

Senator Richard Burr
Senator Kelly Loefner
Senator Dianne Feinstein,
Senator Ron Johnson
Senator Jim Inhofe

#CoronaVirus #KungFlu",22,
"""Kung Flu Goes Mainstream, Potential Corona Cure, V Recovery incoming, Promises Made, Promises Kept!"" W/ Author Brenden Dilley #TheDilleyShow
 https://t.co/p721jy0PL9",21,
"""There is a Chinese saying that Chinese diplomacy often uses today when talking about its help: ‚ÄúToutao baoli‚Äù, meaning to give plums in exchange for peaches.""

@haniashen on #CCP strategy in the times of #CCPVirus... &amp; how pandemic resembles #Chernobyl.
https://t.co/h96Utdkusy",21,
"@BlockTwitSlvts #PedoWOOD s  Posterchild Elton John &amp; @FoxNews are teaming up to beg (suffering) Americans to donate their money for the #ChinaFlu.  
How does this make you feel? 
RAMPAGE makes a excellent point, MUST WATCH!! 
üëâhttps://t.co/nvqIHXATzJ

#WuhanVirus
#ChineseVirus
#KungFluFighting https://t.co/YtGfi9KEBx",21,
"#FirstLady @MelaniaTrump tested negative for the #CCPVirus, which originated in #China last year.

Trump‚Äôs daughter @IvankaTrump, as well as Vice President @Mike_Pence and his wife the @SecondLady, all tested negative. https://t.co/G33fnB55Aw",21,
"#LoriLightfoot, @ChicagosMayor, said residents shouldn‚Äôt go on long runs or bike rides amid the #CCPVirus-caused #Pandemic, as she and the city‚Äôs police superintendent threatened people with arrests if they violate a state mandate. https://t.co/GSwEex3Zlw",21,
"#Nevada banned #Hydroxychloroquine from being prescribed as a treatment for the #CCPVirus as VP @Mike_Pence confirmed that doctors can prescribe the drug, which is approved to treat #Malaria, for patients who have the new illness. https://t.co/6x9N1XEaKF",21,
"#Poll: Where is the Wuhan corona virus from? Vote &amp; retweet, reply with others!
#coronavirus #covid19 #covid„Éº19 #covid_19 #covid2019 #coronavirusoutbreak #wuhanvirus #wuhancoronavirus #hubei #chinacoronavirus #ccpvirus #Ê≠¶Ê±âËÇ∫ÁÇé #Ê≠¶Êº¢ËÇ∫ÁÇé",21,
15 private companies have ramped up production of #CCPVirus #TestKits to millions to help meet a major US shortfall in #Diagnostic capabilities after the @US_FDA granted them emergency use approval between March 12 and March 27. https://t.co/eJPf0tgSrc,21,
"Hundreds of @USArmy soldiers are deploying to #NewYork to help the state fight the #CCPVirus.

New York is the hardest-hit state in the nation, with 30,811 #COVID„Éº19 cases as of Wednesday, including 17,856 in #NewYorkCity. https://t.co/36tVMOZBrZ",21,
"Meanwhile somewhere in China they‚Äôre celebrating USA reporting 100k+ cases of #Corona #COVID2019. You have to wonder what produces such collective evil in this country. #ChinaVirus #CCPVirus 
https://t.co/F5UmBymWPs https://t.co/zWRof8zpCB",21,
"Net worth of Khans *
SRK (Hakla) - $600 m.
Sallu(Butta) - $300 m.
Aamir(Tingu) - $200 m.

Donation for #Corona - 0.00

Net worth of
Akshay - $240 m.

Donation - $3 m.

Shame on those gandwas and chinki pinkis who's watching khans movie..
#AkshayKumar
#lockdown",21,
"‚ÄúOn the advice of her doctor, @GOPChairwoman was administered a test for COVID-19. That test has fortunately come back negative.‚Äù

#RonnaMcDaniel has tested negative for the #CCPVirus, according to a party spokesman.https://t.co/HhvjUSog1N",20,
"Journalists defending China is like chickens defending KFC

Analogy inspired by @MsBlaireWhite 

#COVID19outbreak #CoronaVirusPandemic #StayHomeStaySafe #CoronaChainScare #COVID„Éº19 #StayAtHome #ChineseVirus #KungFlu #ChinaKMKB",20,
Looking forward to @JoeBiden daily presser starting Monday on the COVID-19 situation.  At least he won't be calling it Kung Flu and all that shit.  Finally some real information and not a hate rally by the tangerine toilet brush.,20,
"What is 'really' happening in China?  Mitchell Nicholas Gerber, @TruthSeeker077, American Activist in Vietnam investigating China's Human Organ harvesting for over 17 years has some insight into Covid-19 the #CCPVirus https://t.co/Zkd8HFpF76",20,
@jabinbotsford @realDonaldTrump Brilliant.  Perhaps shaming China this time around for their lack of transparency in the beginning of this outbreak will change their behavior.  They did EXACTLY the same thing with SARS and no one called them out on it.  https://t.co/FjPrT0zRpo #CCPVirus #MadeInChina,19,
"#Remdesivir, known as an anti-#Ebola drug, and #Hydroxychloroquine, a drug used to treat #Malaria, are being used to treat #CCPVirus patients, @CDCgov said.

The @US_FDA hasn‚Äôt yet approved any drugs for the treatment of #COVID„Éº19. https://t.co/R6Bpw1Mcv7",19,
"üèõ WASHINGTON, DC  üá∫üá∏

US Congress Reaches Deal on a $2 Trillion Relief Package for Americans because of the COVID-19 ‚ò£ CCP, Chinese üá®üá≥ Communist üá®üá≥ Party virus

#CCPVirus #ChinaVirus #ChinaLiedPeopleDied #BoycottChineseProducts
https://t.co/oVEjI7bPgC https://t.co/kmb0618AzM",19,
"AS FORECAST in my first #bioweapon patterns vid - CCP would be forced to open up in late March &amp; then the  #ccpvirus spew begins 2get serious globally !

#chaga_gangsta harden up for phase 2 of Wave 1 !

https://t.co/aHK9bXXbmx",19,
"Opinionüí≠by David Kilgour &amp; Susan Korah (@waterlilypool)

#Taiwan, #HongKong, and #Singapore‚Äîall with strong ties to #China‚Äîhave managed to keep their #CCPVirus deaths to single digits.

They did this by vigorous #Testing and tracing of infected persons. https://t.co/lJQtWYkJzY",19,
"RT @HNIJohnMiller: Yes, because trusting China on anything in regards to the Kung Flu has worked out so well for everyone.",19,
"Sen. Sasse and Rep. Gallagher to Jack Dorsey: The Chinese Communist Party is waging a massive propaganda campaign to rewrite the history of COVID-19 and whitewash the Party's lies...

#CCPVirus 

https://t.co/lAputgQD7O",19,
"The @CDCgov is expected to launch a new #Surveillance tool to track the US spread of #CCPVirus, according to a new report.

The #ReliefPackage allocates at least $500 million to revamp #CDC‚Äôs #PublicHealth data surveillance and analytics #Infrastructure. https://t.co/HzJwZDC1tb",19,
".@RepJimBanks &amp; @sethmoulton #CCPvirus draft H.Res. [2/n]

""‚Ä¶early stages of the #COVID„Éº19 outbreak that heightened the severity and spread of the ongoing COVID‚Äì19 pandemic, which include the Chinese Government‚Äôs intentional spread of misinformation‚Ä¶""",18,
"‚ÄúThey are doing herculean work in our stores serving our customers in frankly a tense environment.‚Äù

#Walmart plans to hire over 150,000 temporary staffers and will pay a special bonus totaling $550 million to its hourly workers due to the #CCPVirus. https://t.co/c6FXqUXeSX",18,
"#Supreme and #Oreo‚Äôs collaboration will release on March 26 via Supreme‚Äôs website. Note that as the brand‚Äôs stores in the US, UK, and France are temporarily closed to prevent the spread of COVID-19, shipping fees will be waived on all orders over $150.
Photo: Supreme https://t.co/tUajsJ5Wyj",18,
"Apparently the only way to survive the CORONA-KUNG-FLU   
is to buy every last bag of sugar, ground beef, and bananas, and of  course toilet paper.

That's sarcasm for you mental left wing flying monkeys",18,
"Chloroquine...

...has long history of usage with defined and acceptable side effects 

headache
loss of appetite
diarrhea
upset stomach
stomach pain
skin rash or itching
hair loss

The #MadeInWuhan Chinese COVID-19 KungFlu virus...

...not so much
 
Thumb‚Äôs up Chloroquine... https://t.co/WaXxfOfmJ9",18,
"RT @MerenlaImsong: The good news is that they have stopped calling us chinki. 
The bad news is that they have replaced it with ‚Äúcorona‚Äù
Has‚Ä¶",18,
"Since the virus attacks the lungs, people who smoke, vape, or have a history of substance use disorders may be at higher risk of #CCPVirus infection and complications, according to @NIDAnews. https://t.co/iuXsW9d2q1",18,
"Spike in ER visits in New York City for breathing difficulties and flu-like symptoms seems to have leveled out over the past few days, but the daily number of new #CCPVirus cases continues to climb. https://t.co/mdm7wrmfNG #nyccoronavirus #coronavirus #COVID„Éº19 #COVID19",18,
"Where is ""Patient Zero""?
#COVID19: Further Evidence Originated inüá∫üá∏
üëâAug-US Military‚Äôs main bio-lab Fort Detrick shut
üëâAug-US flurry of unexplained lung pneumonias
üëâSep-Jap. citizen in Hawaii infected
üëâOct18-27-World Military Games inWuhan
üëâDec1-Wuhan
https://t.co/IP4XFLWFMZ https://t.co/UHTJj8jyZH",18,
"‚ÄúIt‚Äôs not a joke, please be out here safe. Wash your hands, do the self-distancing, it‚Äôs not a joke.‚Äù

Families of people who have died from #COVID„Éº19, the disease caused by the new #CCPVirus, are warning others to take the illness seriously. https://t.co/nXI0OdEt9G",17,
"#LosAngeles County #Health officials confirmed that a child died of the #CCPVirus, along with 3 other deaths, as more than 100 new cases were announced.

It‚Äôs believed to be first time a person under the age of 18 has died of the #CCPVirus in the US. https://t.co/Yg6lSGsAFz",17,
"An infant in #Illinois who tested positive for the #CCPVirus has died, @GovPritzker announced, marking the 1st known infant death from the disease in the US. https://t.co/Gp5qrPKicq",17,
"Just 20 miles from the clinic where a 35-year-old man with a cough and fever became the nation‚Äôs first identified case of the #CCPVirus, a @USNavy SEAL has tested positive at a naval training base in #Washington state. https://t.co/1BktnxADwj",17,
"RT @EpochTimesCan: US Global Center on #Propaganda pivots to address #COVID19 disinformation #CCPVirus 
https://t.co/eWh78mtVEc",17,
"With at least 2 members of the House testing positive for the #CCPVirus, calls are mounting for alternative voting procedures if the $2 trillion #EconomicPackage cannot be passed by #UnanimousConsent. https://t.co/D4OUAFnJJp",17,
"‚ÄúI recently have been feeling under the weather and just learned that I have tested positive for COVID-19.‚Äù

Jeff Shell, @NBCUniversal‚Äôs new CEO, tested for the #CCPVirus, according to a statement from him. https://t.co/Izull1ufuI",16,
"#OrangeCounty-based medical diagnostic company @Fluxergy and @UCSanDiego researchers have taken the next step toward getting a high-speed test for the #CCPVirus available for use, the company announced on March 30. https://t.co/okrWSE1drC",16,
"Bannon: Three parts coming together:

‚û°Ô∏èLock down hard to make sure there are no hosts for COVID-19
‚û°Ô∏èBridge the economy with $2 trillion #stimulusbill
‚û°Ô∏è#FederalReserve, Treasury must muscle credit markets

#WarRoomPandemic #CCPVirus

üëâhttps://t.co/HuZDFNTwiv https://t.co/3WhOgwAB3Z",16,
"JUST IN:üî•Authorities in Argentina are arresting individuals who break mandatory quarantines during the COVID-19 emergency as part of a concerted effort to slow the spread of the Kung Fluü•ã

#CoronavirusOutbreak #CoronaVirusChallenge #StaySafeStayHome #StayAtHome",16,
"NSW, #Australia.  #COVID-19 positive Chinese woman caught on camera spitting on bananas at a supermarket.  Is this an isolated incident or #CCP loyalists being paid &amp; instructed to spread #CCPVirus #ChineseVirus ? #JihadiVirus? #CoronaVillains #CoronaUpdate https://t.co/gdfLBLzEhA",16,
"PSA: 

COVID-19/Coronavirus is NOT the ‚ÄúChinese virus‚Äù or the ‚ÄúChinese flu‚Äù or ‚ÄúKung flu‚Äù.

Stop using it to justify your xenophobia and racist beliefs toward Chinese/Asian people.",16,
RT @RedPillMaC: DEMs + Chinese Chunks = Corona https://t.co/TpmlWsmrV0,16,
"‚ÄúNo one should lose their home because of COVID-19,‚Äù Newsom said.

#California Gov. @GavinNewsom signed an #ExecutiveOrder to ban evictions of tenants in the state affected by the #CCPVirus outbreak through the end of May. https://t.co/U46SyWvmwn",15,
"#China #CCPVirus originated due to accidental leak of novel #coronavirus fm #Wuhan #P4Lab
Best fm @Chellaney 
‚ÄúToday‚Äôs China-originating pandemic has created an acute international crisis akin to wartime.The world will not be the same after the pandemic.‚Äù
https://t.co/ffUL3qt1je",15,
"All these smear-factories posing as ‚Äúanti-hate groups‚Äù all work the same. Time to look into Chinese money dumps into the ADL. Been to Beijing lately, Jon? And stop calling it Covid-19. It‚Äôs Wu Flu, Kung Flu, Wuhan virus, Bat Soup Bug, Sweet n Sour Sicken, or China virus. Period.",15,
"Being happy is definitely crucial 2 fight against #CCPVirus. &amp; seeing u wearing this shirt will sure makes a lot of #HongKonger happy! Thank you!

#FightForFreedom
#StandWithHK
#5DemandsNot1Less",15,
Maybe instead of covid-19 or China Virus we call it the CCP virus. The corona communist party virus. I do believe they are trying to weaponize words against us right now. Their citizens are waking up to this fact that their government sucks. #CCPVirus,15,
"The @WhiteHouse announced the launch of the #COVID„Éº19 High Performance #Computing Consortium, allowing researchers access to US-based #Supercomputers that can significantly advance the pace of scientific discovery in the fight to stop the #CCPVirus. https://t.co/NrhBfExR27",15,
"‚Äú..his timing was near-perfect.‚Äù

‚ÄúAs trillions of dollars were wiped off stock markets some of the world‚Äôs richest got lucky.‚Äù

‚ÄúOther US executives that have been either lucky or smart by selling large chunks of their shareholdings in February include..‚Äù",14,
"‚ÄúFinding a safe and effective vaccine to prevent infection with SARS-CoV-2 is an urgent public health priority.‚Äù

The @NIH added a #Medical facility in #Georgia to the agency‚Äôs clinical trial of a #Vaccine for the disease caused by the #CCPVirus. https://t.co/NZzUTXcnHK",14,
"An excellent chronology of the early, decisive actions @POTUS took to combat COVID-19 -- completely obliterating the #MSM's false narrative of the administration's late, inadequate response.
#CCPVirus
#CCPLiedPeopleDied https://t.co/GR3dck4Ke8",14,
"Covid-19 / Kung Flu Is here, get over it! ...Unless you have underlying health issues you will get over it.  Shutting down businesses and the country will do more harm than this virus. More people have died from suicide this year physically healthy people yes very little funding.",14,
"iPhone maker @Apple launched a new application that Americans can use to see if they require #TestingForCovid19.

@WhiteHouse officials stressed that people should only get tested for the #CCPVirus if they‚Äôre showing symptoms. https://t.co/SXOM9xkczW",14,
"It has been confirmed that a 2-year-old in Franklin County, #Ohio, has tested positive for the #CCPVirus, according to ABC 6. https://t.co/BoruaIU5Hc",14,
RT @_Charlene_T: I‚Äôm Asian American and I call it Kung Flu ü§∑üèª‚Äç‚ôÄÔ∏è,14,
"RT @EpochTimesCan: #CCPVirus cases march higher in Canada despite warnings
https://t.co/ZTRc0Lvu3i #coronavirus #COVID19",14,
"RT @Tactical_review: This crazy Kung Flu isn't going to get me, no way.

#CoronavirusPandemic https://t.co/uCAaR3YiMc",14,
"‚ÄúElmhurst is at the center of this crisis. It‚Äôs the number one priority of our public hospital system right now.‚Äù

#NewYorkCity‚Äôs #ElmhurstHospital is dealing with an influx of  #CCPVirus patients, as 13 patients died there within 24 hours. https://t.co/L0fVgC5Lhy",13,
"‚ÄúThe less time we spend in public, the more lives we will save,‚Äù the governor said.

#Washington's @GovInslee issued an order requiring all non-essential businesses to close and residents to #StayHome to help slow the spread of the #CCPVirus. https://t.co/F2RfCM6wot",13,
"After coronavirus outbreak, China needs to stamp out this cruel trade in wildlife ‚Äì Steve Cardownie 
#CCPVirus #MadeInChina #ChinaVirus  #COVID„Éº19  https://t.co/jN3ERjqf5U",13,
"If you think CCP has done a great job on #CCPVirus because of what they are telling you,
then I need to tell you that how they treat the dissidents - blocking and silencing them.

I‚Äôm not the only one.

All you see is just the CCP propaganda.

#COVID„Éº19 
#ChinaLiedPeopleDied https://t.co/HvWBRkCQH9",13,
RT @cheatham_cody: i vote we change it from corona virus to Kung Flu.,13,
RT @dreamxgemini: if you refer to COVID-19 as ‚ÄúChinese Virus‚Äù or ‚ÄúKung Flu‚Äù you‚Äôre racist. End of story.,13,
"RT @EpochTimesCan: #CCPVirus #COVID19 data doesn‚Äôt match most extreme models: Dr. Birx
https://t.co/taH4paOXYq",13,
RT @RobCounts: 2 Trillion CCPvirus Relief Packageüí•üí•BOOMüí•üí•https://t.co/XnEoNKd6ES,13,
"‚ÄúOn the advice of her doctor, @GOPChairwoman was administered a test for COVID-19. That test has fortunately come back negative.‚Äù

#RonnaMcDaniel has tested negative for the #CCPVirus, according to a party spokesman. https://t.co/HhvjUSFQTl",12,
"#COVID„Éº19

Why does positive news around new trials and effective drug treatments for this virus seem to be disappointing so many people who look for anything to play it down? 

They really do want a massive economic depression don't they? 

Sad people. 

#coronavirus #KungFlu",12,
"#NewYork state is 14 to 21 days from the peak of #CCPVirus infections, @NYGovCuomo said, as he asked the Trump admin to give the state all 20,000 #Ventilators in the national stockpile.

Officials previously predicted the peak would hit on May 1. https://t.co/SU1HABtjur",12,
"As #CollegeStudents leave on-campus housing after the #CCPVirus outbreak forced schools to close, some #Universities are planning to use the freed-up space to help local #Hospitals and #Healthcare systems at risk of being overwhelmed. https://t.co/Uvxy2H5HZ7",12,
"Brave little Denmark‚Äôs brave little newspaper @jyllandsposten (them of the prophet Mohammad cartoon game) refuses to apologise to the genocidal Chinese Regime for correctly depicting its flag as the #Corona flag 

#CCPVirus #WHOVirus #ChinaVirus 

https://t.co/99FcEHrKG6",12,
"First things first, Rest In Power to this young lady. Now, why is there no privacy or respect for the deceased whenever a Black Person dies of COVID- 19? WS has gone out of its way to conflate the Wuhan Virus/Kung Flu with Black Americans. 

https://t.co/DtBb97FAgq",12,
"In Press, Heart Rhythm Case Reports from David Chang et al, Manhasset NY @NorthwellHealth

COVID-19 Infection Unmasking Brugada Syndrome

https://t.co/8u7viVQ3Ra

Thread/ https://t.co/1iIfAWwzMK",12,
"It is the corona virus. Not the ‚Äúkung flu‚Äù, not the ‚Äúchinese virus‚Äù. COVID-19 has no race, ethnicity, or special category it belongs to. This xenophobia needs to stop and my heart goes out to all of the Asian-Americans experiencing this encouraged racism.",12,
"Opinionüí≠by @LeeHardingSK

@WHO‚Äôs response to the #CCPVirus outbreak‚Äîand to #Beijing‚Äôs handling of it‚Äîhas been criticized for being weak and basically following the #CCP's lead, given that the organization has close ties to the #Chinese regime. https://t.co/5Sn5YrR0gQ",12,
"RT @HNIJohnMiller: Yes, because trusting China on anything in regards to the Kung Flu has worked out so well for everyone. https://t.co/b97‚Ä¶",12,
"Understand this.

~Chinese money have Kashmir voice to divert #CCPVirus
Narrative 
~ Now Muslim angle is comming in play

I remember @TheOliveKnife  yesterday tweets on muslim angle.

How rotten indian elite is sold out to anti India forces!!",12,
"‚ÄúNow more than ever, Yale and City Hall need to be on the same page.‚Äù

@Yale University will provide 300 beds and expedite #TestingForCovid19 to #NewHaven's #FirstResponders who may have been exposed to the #CCPVirus. https://t.co/BY506ciXjk",11,
"¬´¬†Other US executives that have been either lucky or smart by selling large chunks of their shareholdings in February include Larry Fink, the chief executive of fund manager BlackRock, who saved potential losses of $9m¬†¬ª 

Oh. 

 https://t.co/IdpvPHY0bA",11,
"Bannon: Three parts coming together:

‚û°Ô∏èLock down hard to make sure there are no hosts for COVID-19
‚û°Ô∏èBridge the economy with $2 trillion #stimulusbill
‚û°Ô∏è#FederalReserve, Treasury must muscle credit markets

#WarRoomPandemic #CCPVirus

Listen &amp; watch ‚¨áÔ∏è https://t.co/AUokEMwJIL",11,
"Hi! I listed ""My Neighbor It Me"" as desktop wallpaper!
Half of the profit will go to help fight COVID-19 locally üî•
Thank you pls have a chonk (‚Ä¢”©‚Ä¢)‚ô°

https://t.co/C9nl0EzT32 https://t.co/NOlxD5zmLJ",11,
"Okay.

#WuhanVirus
#WuhanChinaVirus
#ChineseCoronaVirus
#KungFlu
#KungFluVirus
#COVID„Éº19

Better?

#ItsGeography
#WuhanChinaIsTheEpicenter
#JustStop",11,
"Over 3,000 people have died from the #CCPVirus in the US while over 164,539 cases have been confirmed, according to the latest data collated by @JohnsHopkins, which is tracking the global #Pandemic.

914 of those deaths occurring in New York City. https://t.co/NhsHtkNsNw",11,
"President Trump approved a disaster declaration for the state of #Florida, ordering federal assistance to help state and local recovery efforts amid the #CCPVirus-caused #Pandemic. https://t.co/B0hRrtk9kh",11,
"RT @clif_high: #chaga_gangsta ARE WINNING !

#CCPliedpeopledied
#CCPVirus

https://t.co/RMgiIbJaws",11,
"RT @EpochTimesCan: UK police get new powers to arrest and fine those disregarding #CCPVirus lockdown #COVID19 
https://t.co/UVeSbAr5lL",11,
RT @JCWPhilippines: Ji Chang Wook gifted his team a LG Air Purifier to prevent Corona Virus. ü•∞ https://t.co/Ohqn5GDEF6,11,
"someone said japan is good at controlling the covid spread bcs the confirmed cases are not as high. well if you stop talking with your arse and read the news, you'll know its bcs its actually hard to get tested here. also bcs the damn japs are workaholicsssssss üôÇ",11,
"You scratch my back, I'll scratch yours. Help the Crony make Billions. Praise him for a pittance from the huge chunks banks have waived off or lended with no collateral security.",11,
"#Romney: ‚ÄúThankfully, I‚Äôve tested negative for COVID-19.‚Äù

Sen. @MittRomney tested negative for the #CCPVirus but will remain in #SelfIsolation for 2 weeks, causing him to miss out on several crucial #COVID„Éº19 #ReliefPackage votes. https://t.co/oVxrgMTSXb",10,
"China will include asymptomatic infections in its daily COVID-19 reportings starting April 1, says Chang Jile, a director-general with the National Health Commission on Tuesday",10,
"China will never be accountable for her conduct as long as CCP's dictatorship continues. Our options are either to isolate China or to destroy CCP.
#CCPvirus #ChinaLiedPeopleDied #Chinazi",10,
"Courts in #Brooklyn have been asked to ‚Äúdecline to prosecute low-level offenses that don‚Äôt jeopardize public safety‚Äù amid the #CCPVirus outbreak, Brooklyn District Attorney Eric Gonzalez announced Tuesday. https://t.co/IfCY4m0Syd",10,
I'm still not even looking at the video...just retweeting it to pray of a reasonable karma justice at his time of leaving this planet #chinese #ChineseVirusCorona #kungflu,10,
"Kung-Flu is a hilarious name for COVID-19 üò∑üòÇ

Anyone who is more worried about political correctness than DYING right now needs therapy. #Priorities #MediaProblems",10,
"ms. corona really brought out the rajin part in me. finished my presentation slides, started my report, did laundry, sampat zumba, and cleaned my room jap. and it‚Äôs only 10am.",10,
RT @CharlesPPierce: Oreo Classical Art is my new jam.,10,
"RT @clif_high: Political Correctness KILLS in age of #bioweapon

#CCPVirus 
https://t.co/HqTxEz5A60",10,
Vice President @Mike_Pence says there has been a massive surge in the supply of protective masks that frontline medical staff and others rely on to minimize the risk of infection amid the #CCPVirus pandemic. https://t.co/QTk31TQejv,10,
"WTFH! ü§Ø
Yes, they eat rats ... cooked or alive or raw!!! 
ü§¢https://t.co/YdjHS8ZXJO

Now this #hantavirusü§¢
Man in #China dies after testing positive for HantaVirus.
https://t.co/OSLVyNDcpQ

Communism is a VIRUS! #CCPvirus https://t.co/yZ8ZBvukfE",10,
"‚ÄúBefore the lockdown, they used to call us Nepali, chinki or momo, but now they look at me and say, ‚ÄòGo corona‚Äô or blame me for eating animals that caused the spread of the virus,‚Äù says Chongpi Kipgen, Mumbai-resident from Manipur | writes @kennithrosario
 https://t.co/AwgyUdE9jQ",9,
"‚ÄúGiven Mr. Weinstein‚Äôs state of health, we are of course concerned.‚Äù

#HarveyWeinstein, who is serving a prison sentence for sexual assault and rape, has tested positive to the #CCPVirus, according to the head of the state corrections officers union. https://t.co/PpJ31ytCcJ",9,
"‚ÄúThese non-approved tests can produce false results‚Äù

#OrangeCounty‚Äôs #Health Officer is warning residents against relying on #CCPvirus #Testing kits that have not been approved by federal officials because they often provide false positives. https://t.co/kGVyuJ6NmZ",9,
"#Chinese #coronavirus propaganda now targets #Italy

After blaming #USArmy for bringing the corona #CCPVirus to #Wuhan, #CCP shifts responsibility to Italy, saying that Italian top expert Giuseppe Remuzzi stated that #coronavirus symptoms appeared in Italy earlier than in #China https://t.co/8nqD1XySwR",9,
"~15-20% of #CCPvirus cases are severe enough to req. hospitalization. We don‚Äôt know how many suffer lung damage.

#China *seems* to have cases under control. They have masks &amp; PPE, after all.

Imagine our strategic disadvantage if ~10% of young Americans have lungs like this. üëá",9,
"A man and his wife in #Arizona ingested fish tank cleaner in an attempt to prevent the #CCPVirus, according to @BannerHealth.

The man died and his wife ended up in the intensive care unit after taking chloroquine phosphate. https://t.co/RJmo8PO1M0",9,
"As the #CCPVirus strips store shelves of essentials, people across the US are also dealing with limited supplies of the staple of the American way of life itself: #Freedom.

About 80 million Americans are being told to shelter in place. https://t.co/9Xz7g9EyE8",9,
Fuck.... That's so sick. Why did Chinesse woman do this. Is it the reason how #COVID„Éº19 aka #WuhanCoronavius outbreak in #USA?   Shame on the mainland Chinese! #ChineseCoronavirus #AntiChinazi #CCP_is_terrorist @SolomonYue @lukedepulford @realDonaldTrump https://t.co/CMHw3MKsVX,9,
"Great job Mr. Klayman ! @LarryEKlayman
As Mr. President @realDonaldTrump says:
Yes, it is #Chinesevirus !
It came from #Chinazi !
They hided from the world!
Intentionally let go 5 Million people from #Wuhan to spread the #virus #Covid-19 #coronavirus !!!",9,
"Holy cow, i just realized im almost to 19K (thank you all so much)ü•∞ü•∞ü•∞

Keep calm &amp; find my 19K with me.

Retweet 2 spread our voices like the Corona virus aka (ching chang fluey!)  

REPUBLICANS LETS MAKE SOM CONSERVATIVE NOISE!  #RETWEET #MAGA  #WednesdayMotivation 

MGüòá https://t.co/tfcUjitoWE",9,
"ICYMI: ‚ÄúDoctors can prescribe [#CCPVirus], which as you know is a perfectly legal &amp; approved malaria medication, but doctors can now prescribe chloroquine for that off-label purpose of dealing with the symptoms of #coronavirus.‚Äù -@VP. Though not all agree.
https://t.co/KIfulCPyUz",9,
"it‚Äôs not the #Chinese people who are the problem. Just look at their success in #Taiwan, #HongKong, #Singapore, or the #UnitedStates. The #ChiComs are the problem. 
#CCPVirus #CCPandemic
https://t.co/kQDOayjugQ",9,
"New York Reports Major Jump in COVID-19 Cases, Now Has Over 4,000 Patients https://t.co/WesDrvdPOX via @epochtimes #America #NewYork #COVID19 #CoronaVirus #CCPVirus",9,
"Not surprise 

Dr. Bruce Aylward praised China for its handling of the epidemic outbreak. ‚ÄúIf I had COVID-19, I'd want to be treated in China.‚Äù he said in mid-Feb.

Despicable... but he knows money talks at WHO...
#CCPVirus 
#ChinaLiesPeopleDie 
#WuhanHealthOrganisation",9,
"Rep. @AyannaPressley is experiencing #Flu-like symptoms and has undergone testing for the #CCPVirus, according to her spokesperson.

Pressley is the 2nd member of the #Massachusetts congressional delegation to experience symptoms of the illness. https://t.co/0yCs17LLvG",9,
RT @Ebk_numba00: The Corona Virus Aint Stopping Yall From Getting Yalls Nails Done By LingLingü§îü§£,9,
"RT @EpochTimesCan: Viewpoint: A contrarian's view on #CCPVirus #COVID19 response
https://t.co/TiqQUBbEsT",9,
RT @Iyervval: 1n #Corona humour thread: this is both responsible and fun #ChineseVirus #CCPVirus,9,
"RT @LankanSyndi: You heard it 
Kung Flu is now the offcial Americanized term for corona https://t.co/5DF1YoTuyD",9,
RT @TheCondomFish: Corona Virus? More like Kung-Flu,9,
"There are now 288 cases of the #CCPVirus in the @USArmy, General James McConville confirmed.
‚Äî 100 soldiers
‚Äî 64 department civilians
‚Äî 65 dependents
‚Äî 9 cadets
‚Äî 50 Army contractors https://t.co/a0am6C834A",9,
"Watch @DebbieAAldrich's broadcast: What is 'really' happening in China?  Mitchell Nicholas Gerber, @TruthSeeker077, American Activist in Vietnam investigating China's Human Organ harvesting for over 17 years has some insight into Covid-19 the #CCPVirus https://t.co/089rq8sbaC",9,
"Wuhan Virus

China Virus

Chinese Virus

Kung Flu

China Coronavirus

Chinese Coronavirus

I will always refer to Covid-19 as one of these to remind people this virus did not start in the US

It came from China and instead of containing it, they let it spread and tried to hide it",9,
"&gt;Theoretically speaking, the COVID-19 infection may cause testicular damage, affecting sperm production and androgen synthesis, the team experts said.

Maybe the real sissy hypno was the chink cringe aids we got on the way

https://t.co/cAxzEHSWZT",8,
"#CCP just cannot escape easily after creating #ChineseVirus on this planet. Not less then a Genocide. #UNSC won‚Äôt discuss #CCPVirus; China blocked it with help from #Russia, #SouthAfrica https://t.co/Qf4ICieW5N #FreeTibet #XiVirus #COVID19 #Coronavirus #IndiaLocksdown #Italy #US",8,
"#NewYork reported a huge increase in cases of the #CCPVirus, with over 1,700 people testing positive for the new disease overnight.

The state reported 1,769 new cases, of which nearly half were in #NewYorkCity. https://t.co/SLnCcAkdqU",8,
"#OrangeCounty‚Äôs confirmed #CCPvirus cases jumped to 256 on March 26, from 187 a day earlier. No additional deaths were reported by local #Health officials.

That‚Äôs a jump of 69 confirmed cases, or about 37% in 1 day. https://t.co/KfyHQ8wenu",8,
"‚≠ïCHINA‚ÄôS ‚ÄúDISHONESTY &amp; NEGLIGENCE‚Äù UNLEASHED COVID-19 ON THE REST OF THE WORLD‚≠ï

‚ÄúChina's initial cover-up included destroying lab samples that established in December the cause of unexplained viral infections in the Hubei Province!‚Äù
#CCPVirus
https://t.co/likTcE9S1e",8,
"Actor @DanielDaeKim, known for his role in TV series ‚ÄòLost‚Äô and ‚ÄòHawaii Five-0,‚Äô has tested positive for #COVID19, the disease caused by the #CCPVirus.

He hopes to develop immunity to the virus so he can donate his antibodies to #Vaccine research efforts. https://t.co/EvC5rX1kmY",8,
didn‚Äôt this mfker just call covid the chinese virus a few days ago and his racist supporters were saying that trump is karate chopping the ‚Äúkung flu‚Äù,8,
"Doctor supports fining Canadians who don't comply with stay-at-home or #SocialDistancing orders to prevent the spread of #CCPVirus #COVID19 
https://t.co/5ZvjloJjt1",8,
"Here is UK Prime Minister @BorisJohnson 's dad, @StanleyPJohnson 'jokingly' advocating ""wiping out huge chunks of the human race""  https://t.co/5GzDll6LuL",8,
I saw the presser and the Q&amp;A. Alexander should be working for a gossip magazine since he‚Äôs more of a sensationalist. #FakeNews indeed. #WuhanVirus #CCPVirus #ChineseCoronaVirus #KungFlu #LiberalismIsAMentalDisease #DemocratsAreADisgrace #Trump2020 #KAG,8,
"Poets for COVID-19 Food Relief - NYC &amp; New Orleans: I will send you a signed copy of Barbie Chang and/or OBIT. Thanks for @JoseHernandezDz for launching this.

https://t.co/5fCVbv3iu7",8,
"RT @EpochTimesCan: $82 billion on its way to Canadians after House of Commons passes legislation #cdnpoli #CCPVirus #COVID19 
https://t.co/‚Ä¶",8,
"RT @no_silenced: Longtime UW professor dies of COVID-19üò¨

RIPüôè

#KungFluü•ã

https://t.co/fg10eBaHKI",8,
RT @paanagam: Mount Road Mao club members have no shame! Literally. #CCPVirus #ChineseCoronaVirus #ChineseWuhanVirus,8,
"RT @republic: Singer-actor Meiyang Chang Faces 'racism', Breaks Silence On Being Called 'Coronavirus'

https://t.co/jOT3gmCmNS",8,
RT @Solmemes1: I thought it was the Kung Flu.....,8,
"Since scientists, doctors and nurses are calling it Coronavirus - COVID-19, I figured that's what I should go with. Should I go with what hack talk show hosts and divisive politicians call it? Would that make you feel better? I bet you call it Kung-Flu. Amirite?",8,
"Take home message: #Taiwan knew not to trust a single #CCPvirus number or opinion coming out of #China or the @WHO, which was using that info as legitimate.

Democratic nations &amp; @WHO (which I realize wants access to China) should know better than to trust #CCP data or analysis.",8,
"Two US lawmakers have tested positive for the #CCPVirus.

@RepBenMcAdams and Rep. @MarioDB both tested positive for the disease, which originated in #Wuhan, #China. https://t.co/9U9xd8G8og",8,
"What does it COVID-19 mean ?

C - China
O - Originating
V - Virus
 I -  In
D - December
19 - 2019
This is China's arm of mass distraction.
#NationalEmergency #coronapocalypse #Wuhan #COVID„Éº19 #ChinaVirus #CCPVirus #PandemiaConservadora #StateOfEmergency #CommunistChina #uighur https://t.co/2qMq9o6Wc5",8,
"With the #KungFlu virus #FakeNews suddenly has credibility? 

Maybe if you worked for @OANN or @EpochTimes 

#TrumpCongress2020 https://t.co/9GzIpCCFZx",8,
"‚ÄúWe will sit down with our Democratic counterparts and see what we can agree to.‚Äù

#MitchMcConnell said Republicans were nearing an agreement on a 3rd #COVID19 bill amid growing concerns about the #CCPVirus's #Economic impact. https://t.co/s9UbjG9NZP",7,
"‚ÄúWe‚Äôll have to get prepared for when this virus may come back.‚Äù

Americans must prepare for a 2nd wave of the #CCPVirus to spread, a @CDCgov director said, warning the deadly virus could become seasonal. https://t.co/GZm0rGopqV",7,
"@AFP COVID-19 is originated from Wuhan, China. China shifted the responsibility to the other countries. Shameless! 

#WuhanCoronavirus #AntiChinazi 
#BoycottChina https://t.co/MzJCX4W9h7",7,
@CDPHE @KyleClark COVID-19? You mean the Chinese Coronavirus?  The Wuhan Coronavirus? The Kung Flu?  The Flu Manchu? The Lung Pao Sicken?  That virus?  The one that China - where it ORIGINATED - tried to hide and destroy evidence of for MONTHS and then claimed didn't transmit human-to-human???,7,
"@Pompeii_SoCalm @lastringmaster ü§¨ü§¨Asian WS wanna be: Calling #coronavirus #KungFuFlu is racist! 

Me: Everybody was #KungFluFighting! 
#COVID is fast as lightning, little bit frightening, #Rona strikes w/expert timing!

There was Funky Chinamen from Funky WuhanTown. 
Rona chopN 'em up &amp; Rona chopN 'em down! https://t.co/nZvQdU9cGl",7,
"@PuffDomino @tmil8220 @QuareFellas @SKVL75 @cyn_gia @Mommabarb54 @dkcsh1 @seemva1 @A4Ny14 @amadril @jasondmic @P4boxers @tbuglio @msvespa @GhostOfLuv3 @unclescorpie @grinningbamE @BSteve515 @angie_keathly @Foxmental_X @sdr_medco @OReasonStands @KLGLASS2 @Roseymelhill @DaviesBooks @AdamCC75 @DollyMa99 @joan_cpc @waltsimsjr @lunaticopresid2 @dahmama44 @rdudrak @shereenskee @HalmMary @micheleb801 @gomer2323 @BCOOL333 @SangerJB @Oreo @crzyfkinworld @Gr3Te4rights @NancyMo26871 @58_jann @Winners786 @SandyIsRetired @ReSista_Barb @CanuckCognizant @ChocoHarveyMilk @GCracker7 @NoMoreMrNiceGa1 HOLY SHIT!!!
Scientists say they've identified 2 strains of COVID-19 - ABC News - https://t.co/sDu9KksvkF",7,
"All these smear-factories posing as ‚Äúanti-hate groups‚Äù all work the same. Time to look into Chinese money dumps into the ADL. Been to Beijing lately, Jon? And stop calling it Covid-19. It‚Äôs Wu Flu, Kung Flu, Wuhan virus, Bat Soup Bug, Sweet n Sour Sicken, or China virus. Period. https://t.co/012A6yZlk2",7,
"Asking all the CM's of states where our ppl from NE are being targeted for racism to take immediate steps under the provisons of ST/SC Act and jail these morons who are targeting people from NE ,Nepal and Bhutan by calling us Corona Virus,Chinki,Chinese
https://t.co/UU3Kz12rQ2",7,
"COVID-19 = CHINESE ORIGINATED VIRUS IN DECEMBER 2019
Penalize china for not being transparent @realDonaldTrump
#ChineseVirus 
#Hantavirus 
#SARS_COV_2 
#CCPVirus 
#CCPLiedPeopleDied 
#CCP 
#CCPChina 
#CCP_is_terrorist 
#CCPcoronavirus 
#CCPVirus_Coronavirus 
#CCPLiesPeopleDie",7,
"Editorial: Giving the Right Name to the Virus Causing a worldwide pandemic. We can call it the Wuhan fly, the Chinese flu or Kung flu. Pretty easy choice. What‚Äôs your favorite name for CoVid? 
https://t.co/NH6CraGkk2",7,
"It seems the only people being tested are politicians and leftist lying celebrities 
Normal people don‚Äôt run to the hospital and cry üò≠ about being tested 
Therefore the test results are inaccurate as % go 
Half the country probably has or had Kung Flu already",7,
"Opinionüí≠by @DennisPrager 

The #CCPVirus doesn‚Äôt distinguish between left and right: Conservatives and liberals are just as likely to contract and even die from it.

Yet, it‚Äôs amazing how consistently left and right differ on even this issue. https://t.co/4y6e1Xi1nw",7,
"Part 2: Activist in Vietnam investigting China's Human Organ harvesting for over 17 years has som iWhat is 'really' happening in China?  Mitchell Nicholas Gerber, @TruthSeeker077, American nsight into Covid-19 the #CCPVirus https://t.co/T0IVSHCFhv",7,
"People saying it's racist to call COVID-19 the kung flu or the yellow fever, but will then call the bubonic plague the Black Death seconds later smh",7,
RT @ALT_uscis: Trump about a member of his administration calling #COVID„Éº19 Kung-Flu: ‚Äúit comes from China‚Äù https://t.co/GMhSKCINUx,7,
RT @AwokeReady: If they stop all abortion during this Corona Time Kung Flu more lives will be saved than lost,7,
RT @DrNgga: Corona Virus should be called Kung-Flu,7,
RT @ImperialWick: Please do not take advice from a family who is personally responsible for more deaths than Covid-19 (KungFlu).,7,
"RT @KuzzatAltay: Corona Virus will be defeated. 
The CCP Virus must be the next. 

#CCPVirus #China #CoronavirusOutbreak",7,
RT @PeteSouza: A senior White House official referred to COVID-19 as Kung-Flu to a CBS reporter. Are you okay with that?,7,
RT @Some1onc: corona virus china ching chong cough https://t.co/uqsjkBJzCp,7,
"So I just learned that the MAGA crowd is calling COVID-19 the ""Kung Flu.""

They think it's funny. 

I think it's disappointing that half the country has the maturity and intellect of 7-year-olds.",7,
Someone mentioned to me how it‚Äôs racist as fuck that Italy been hit the worst wirh this corona shit and ppl feel no type of way going to Italian restaurants but be freaking out over some fucking Chinese food,7,
The Germans apparently don‚Äôt classify a #KungFlu death as one if the victim has pre-existing health condition. It‚Äôs that condition which killed them not #KungFlu,7,
"Trump, this tweet is to inform you that the Covid-19 or Coronavirus is not the Chinese Virus or the Kung Flu.
It may be called the ‚ÄúBat virus‚Äù if you cannot stand a scientific term.
I figured I could offer you information as good or better than Fox News.
#StopScapegoating",7,
"Why is testing for COVID-19 important? Dr. Michael Chang, chief medical officer at USA health, discusses testing and its impact on care. https://t.co/IjqsHqfs5p",7,
"‚ÄúI‚Äôm heartbroken to learn of Montana‚Äôs first death due to COVID-19‚Ä¶Montana truly is one big small town‚Äù

#Montana's Governor ordered residents to #StayAtHome amid the #CCPVirus-caused #Pandemic as the state reported its 1st death from the new illness. https://t.co/S7diO4QX4A",6,
"‚ÄúIn just 13 days, we‚Äôve gone from 0 to over 1,000 COVID-19 cases,‚Äù Whitmer said.

#Michigan's @GovWhitmer ordered residents to #StayAtHome amid the #CCPVirus pandemic.

The order goes into effect at 12:01am on March 24. It will last for at least 3 weeks. https://t.co/bFKqzMzpH2",6,
"@mikemchargue @realDonaldTrump Chinese virus
China flu
Chinese flu
China virus
Kung flu
Chu mun flu
Xi flu
Xi virus
Wuhan flu
Wuhan virus
Chinese Corona flu
China Corona virus
I've got tons. All the same. Came from China. Stop being a drama queen.",6,
"#CCPchina created #CCPVirus and spread it all over world killed millions of Chinese people,now talking as if they are doing some courtesy by extending help #CCP_is_terrorist is a terrorist organisation only that it has political face that too in Red color
#ChinaLiedAndPeopleDied https://t.co/7AE6Ct8pFR",6,
"#Hawaii: ‚ÄúThe threat of COVID-19 is unprecedented and it requires even more aggressive actions.‚Äù

@GovHawaii David Ige ordered residents to #StayAtHome because of the new #CCPVirus, effective 12:01am on March 25. https://t.co/oMLf3IGO6J",6,
"After tested positive #UK PM #BorisJohnson: ""No 10 fury at #China‚Äôs lies"", #ChineseVirus is originated from #Wuhan, no one should be #doubt.

#FreeTibet #CCP #XiJinping #XiVirus #CCPVirus #WuhanCoronaVirus #Wuhan #Italy #Spain #EU #US #UN #WHO #ChinaLiedPeopleDied #UKCoronaVirus",6,
"Being happy is definitely crucial 2 fight against #CCPVirus. &amp; seeing u wearing this shirt will sure makes a lot of #HongKonger happy! Thank you!

#FightForFreedom
#StandWithHK
#5DemandsNot1Less https://t.co/gpKR6X59D8",6,
"Breaking: Supreme court stays the orders of Kerala and Allahabad High Court which restrained Centre from recovering of GST, IT, motor vehicle tax etc  due to outbreak of COVID 19

#COVID2019india #ccpvirus",6,
"Bruce Aylward, Senior Advisor to Director General of WHO, was interviewed by RTHK. When he is asked about reconsidering Taiwan‚Äôs membership considering its good performance in tackling COVID-19, Aylward refuses to answer and hung up. 

WHO Certainly a CCP organization.

#CCPVirus https://t.co/qdA2bKen8O",6,
Coronavirus Covid 19 Kung Flu whatever you call it is a bioweapon created by the Chinese government to simultaneously quell the Hong Kong protest and reduce their elderly population... this is a Eugenics test rhn....,6,
"European markets slide 5.7% after Trump announced travel ban from Europe.

#coronavirus from #China is causing the world trillions. And human lives at risk as death toll climbs.

All started from Commies Chinazi. 

#WuhanVirus #COVID19  https://t.co/7UbpVCw3R2",6,
"Fucking Chinese doing else 
and now they are becoming innocent.
They Gave birth to #Corona and today the whole world has suffered.
#CoronavirusOutbreak",6,
"Informational Q&amp;A Webinar hosted by the COVID-19 Crisis Response Team at Taiwan‚Äôs Chang Gung Memorial Hospital. 3/30, 7:30pm EST. PLEASE AMPLIFY! Sign up here:  https://t.co/BhohJwf6oS   @saralynmark @KellyCawcuttMD @MedWIA @DrShelleyRoss @meganranney @PEAKMD @meganranney @bxgali https://t.co/7fcr0N7gIx",6,
"Journos: Leader of the free world is not saying anything about what's being done to curb the corona virus menace or the govt's game plan

Also Journos: Let's talk about Chinese Virus, Kung Flu, racism, because it gets more hits on our piece shit portals
https://t.co/M6OPmFSq1T",6,
"Many people are losing their jobs.

I hope we all make buckets full of cash to wash.

#COVID„Éº19 #CCPVirus #ChineseWuhanVirus https://t.co/u5xeLgLRbc",6,
"Nearly 150 people died overnight from the #CCPVirus, said #NewYork officials. 

The death toll ‚Äúis going to continue to go up,‚Äù @NYGovCuomo said. ‚ÄúThe longer you are on a ventilator, the less likely you are going to come off that ventilator.‚Äù https://t.co/EIwJ55McAo",6,
"Nothing good from #China, pls don‚Äôt trust #CCP &amp; #WHO.  #CCPVirus
#ChinaLiedAndPeopleDied
#WHOLiedPeopleDied 
#ChineseVirus
#MakeChinaPay
#WuhanVirus 
#CommunistVirus",6,
"RT @Calloutfortruth: Thank you, sir. You are speaking truth 

Gordon Chang: ‚ÄòWe Are The Object Of A Hate Campaign By Beijing‚Äô  https://t.co‚Ä¶",6,
"RT @EpochTimesCan: Anxious Canadians await federal help as #COVID19 cases rise, rules tighten #CCPVirus 
https://t.co/MH8nkmcsEq",6,
"RT @NextShark: Nebraska Company Allegedly Blames ‚ÄòSlanty Eyed C*nts‚Äô for Shutdown Due to COVID-19

https://t.co/JpnK4FRoez",6,
"RT @politicalite: XI WAS KUNG-FLU LYING: Coronavirus Death Toll in China ‚ÄòMore Than 40,000‚Äô https://t.co/sbtvlrJIMU via @Politicalite",6,
RT @TaylorBarton12: Excited 2 announce @BrandonHuffman &amp; I will record a 1-time podcast on navigating the recruiting process thru all chang‚Ä¶,6,
"RT @TrilllizardVEVO: Megatron: *coughs a bit*
Starscream: MEGATRON HAS KUNG FLU

I, STARSCREAM, NOW RULE THE DECEPTICONS",6,
Statement from Covid-19: ‚ÄúI do not consider you all racist for calling me what I am. I was born in China therefore I‚Äôm Chinese. The Kung flu thing is very racist but I‚Äôve got my moms sense of humor so that made me chuckle the 1st time I heard it. Anyway go cough on someone.‚Äù CV19,6,
The Chinese Communist Party and Xi Jinping personally are responsible for this pandemic. Everyone should rally against them and not against one another. #CCPVirus #ChinaVirus https://t.co/qc1rtVskV7,6,
"Video from #London how #CoronaVirus being spread. #Chinese girls are spreading this virus intentionally by touching their vehicles and putting spit on the vehicle handles. #Coronavirustruth #COVID19 #COVID„Éº19 #CCPVirus
 https://t.co/kjWrn72d4N",6,
"Watch @DilleyShow broadcast: ""Kung Flu Goes Mainstream, Potential Corona Cure, V Recovery incoming, Promises Made, Promises Kept!"" W/ Author Brenden Dilley #TheDilleyShow https://t.co/VmoaaXB5Wf",6,